{
  "locale": "it-IT",

  "shopping_cart": "Carrello",
  "cart": "Carrello",
  "product": "Prodotto",
  "products": "Prodotti",
  "order": "Ordine",
  "price": "Prezzo",
  "quantity": "Quantità",
  "payment": "Pagamento",
  "name": "Nome",
  "email": "Email",
  "phone": "Telefono",
  "delivery": "Spedizione",
  "shipping": "Acquisto",
  "address": "Indirizzo",
  "city": "Città",
  "country": "Provincia",
  "state": "Stato",
  "postcode": "CAP",
  "shipping_method": "Metodo di pagamento",
  "shipping_address": "Indirizzo di spedizione",
  "pickup_at_store": "Pickup at Store",
  "store": "Negozio",
  "working_hours": "Orario lavorativo",
  "billing": "Fatturazione",
  "billing_name": "Nome intestatario CC",
  "billing_address": "Indirizzo di fatturazione",
  "note_to_seller": "Note",
  "total": "Totale",
  "subtotal": "Subtotale",
  "price_free": "Gratuito",
  "credit_card": "Carta di Credito",
  "pay_on_pickup": "Contrassegno (+€10)",
  "out_of_stock": "Out of Stock",
  "and": "e",
  "date": "data",
  "status": "stato",

  "apply": "Applica",
  "remove": "Remuovi",
  "clear": "Cancella",
  "close": "Chiudi",
  "error": "Errore",
  "required": "Richiesto",

  "cart.checkout": "Checkout",
  "cart.back_to_cart": "Torna al carrello",
  "cart.update": "Aggiorna carrello",
  "cart.complete_order": "Vai alla cassa",
  "cart.terms_agree": "Accetto i  {terms}",
  "cart.terms_of_service": "Termini & Condizioni",
  "cart.privacy_policy": "Privacy Policy",
  "cart.refund_policy": "Refund Policy",
  "cart.customer_details": "Customer Details",
  "cart.subtotal_only": "Trasporto e tasse sono calcolati al checkout",
  "cart.pickup_at_store": "Pick up at {store}",
  "cart.order_ready_for_pickup_label": "Ordine pronto per il Pickup",
  "cart.estimated_delivery": "Consegna Stimata",
  "cart.select_store": "Scegli il Negozio",
  "cart.add_billing": "Aggiungi Metodo di Pagamento",
  "cart.deliver_to_address": "Indirizio Destinatario",
  "cart.shipping_not_selected": "Not yet selected",
  "cart.select_country": "Seleziona il Paese",
  "cart.note_to_seller": "Note to Seller",
  "cart.note_to_seller_placeholder": "If you have any specific instructions you want to give to the seller, write them here.",
  "cart.save_address": "Save my address for future purchases",
  "cart.tax_exemption_add": "Apply a Tax Exemption",
  "cart.tax_exemption_file": "Tax Exemption File",
  "cart.tax_exemption_file_prompt": "Attach a document or photo of your tax exemption",
  "cart.tax_exemption_number_prompt": "Enter your EU VAT number",
  "cart.tax_exemption_cleared": "Tax exemption invalidated",
  "cart.tax_exemption_cleared_details": "The provided tax exemption info could not be applied to the newly selected address.",
  "cart.discount_code_placeholder": "Inserisci il codice promozionale o la Gift Card",
  "cart.coupon_added": "Coupon added",
  "cart.coupon_removed": "Coupon removed",
  "cart.gift_card_added": "Gift Card added",
  "cart.gift_card_removed": "Gift Card removed",
  "cart.gift_card_balance": "Saldo del conto - {amount}",
  "cart.order_summary": "Order Summary",
  "cart.show_summary": "Show Summary",
  "cart.prices_currency_description": "Tutti i prezzi sono in {currency}",
  "cart.left_in_stock": "{in_stock, plural, =0 {0 items left in stock} other {Only # left in stock.}}",
  "cart.max_product_qty": "Quantità massima {max_quantity} per ordine",
  "cart.errors.unavailable": "Unable to load shopping cart.",
  "cart.errors.empty": "Il carrello è vuoto",
  "cart.errors.cannot_complete": "Couldn't complete checkout.",
  "cart.errors.vat_number_invalid": "VAT number is invalid or can't be used in cross-border transactions.",
  "cart.errors.vat_number_validation_fail": "VAT could't be validated.",
  "cart.errors.delivery_unavailable": "Product delivery is not available. Please contact us.",
  "cart.errors.address_not_supported": "The store is unable to ship your order to this address.",
  "cart.errors.invalid_discount_code": "The code you entered is not valid.",
  "cart.errors.coupon_invalid_code": "The code you entered is not valid.",
  "cart.errors.coupon_already_applied": "Only one coupon can be applied.",
  "cart.errors.gift_card_already_applied": "Only one gift card can be applied.",
  "cart.errors.cannot_apply_gift_card_to_cart_with_giftcard": "The gift card cannot be applied to the cart. There is a gift card product being purchased",
  "cart.errors.coupon_no_matching_products": "Coupon cannot be applied to any of the products in the cart.",
  "cart.errors.coupon_min_amount": "Coupon requires a minimum order amount of {amount}.",
  "cart.errors.coupon_expired": "Coupon has expired.",
  "cart.errors.out_of_stock": "One or more products are out of stock.",
  "cart.errors.unavailable_quantity": "Only {available} {product} available in the store. There {in_cart, plural, =1 {is} other {are}} {in_cart} in your cart.",
  "cart.errors.invalid_coupon": "Invalid coupon in cart. Please remove the coupon to continue with checkout.",
  "cart.errors.cannot_ship": "The products cannot be shipped to the provided address.",
  "cart.errors.min_val_not_reached": "The minimum product value for placing an order is {min_val}.",
  "cart.errors.max_val_exceeded": "Cart value exceeds supported limits.",
  "cart.errors.product_min_qty_not_reached": "The minimum purchase amount for {product} is at least {min_qty}. There {in_cart, plural, =1 {is} other {are}} {in_cart} in your cart.",
  "cart.errors.product_max_qty_exceeded": "A maximum of {max_qty} {product} can be purchased per customer. {in_cart, plural, =0 {} =1 {There is 1 already in your cart.} other {There are # already in your cart.}}",

  "product.left_in_stock": "{numberItems} left in stock",
  "product.missing": "This product doesn't exist.",
  "product.out_of_stock": "Product is out of stock.",
  "product.unavailable_quantity": "Not enough items in stock.",
  "product_list.empty": "No products found",

  "product_search.button": "Search",
  "product_search.placeholder": "Search Products",

  "add_to_cart.button_text": "Aggiungi al Carrello",
  "add_to_cart.success": "Aggiunto",
  "add_to_cart.error": "Impossibile aggiungere il prodotto",
  "add_to_cart.see_cart": "Vai al Carrello",
  "add_to_cart.min_quantity_per_order": "Minimum Per Order is {quantity}",

  "order_status.order": "Ordine #{orderId}",
  "order_status.status": "Status",
  "order_status.created": "Created",
  "order_status.order_summary": "Riepilogo",
  "order_status.product_personalizations": "Personalizzazione",
  "order_status.customer_details": "Informazioni Cliente",
  "order_status.processed": "processed",
  "order_status.pending": "pending",
  "order_status.shipped": "shipped",
  "order_status.ready_for_pickup": "ready for pickup",
  "order_status.received": "received",
  "order_status.refunded": "refunded",
  "order_status.cancelled": "cancelled",
  "order_status.payment_failed": "payment failed",
  "order_status.returned": "returned",
  "order_status.check_email": "Please check your email for order confirmation.",

  "auth.sign_in": "Registrati",
  "auth.sign_out": "Sign Out",
  "auth.register": "Register",
  "auth.prompt_register": "Don't have an account?",

  "user_orders.sign_in_prompt": "Registrati per vedere gli ordini",
  "user_orders.empty": "No orders found",

  "user_settings.user_settings": "User Settings",
  "user_settings.sign_in_prompt": "Sign in to view your profile",
  "user_settings.profile_update_success": "Profile Updated",
  "user_settings.profile_update_failed": "Profile Update Failed",
  "user_settings.change_photo": "Change Photo",

  "store_unavailable": "The store is temporarily unavailable."

}